<TICKER>,<PER>,<DATE>,<TIME>,<OPEN>,<HIGH>,<LOW>,<CLOSE>,<VOL>
EURRUB,D,20200101,000000,69.6040000,69.6510000,68.8820000,69.3105000,285
EURRUB,D,20200102,000000,69.4110000,69.7020000,68.8450000,68.8580000,61330
EURRUB,D,20200103,000000,68.9200000,69.4140000,68.8140000,69.2860000,96527
EURRUB,D,20200105,000000,69.2395000,69.7908000,69.2180000,69.3302000,308
EURRUB,D,20200106,000000,69.3310000,69.5940000,69.0330000,69.1240000,117117
EURRUB,D,20200107,000000,69.1240000,69.3293000,68.8330000,69.1140000,74587
EURRUB,D,20200108,000000,69.1120000,69.2970000,67.7980000,68.0490000,111930
EURRUB,D,20200109,000000,68.0480000,68.2300000,67.7440000,68.0100000,117213
EURRUB,D,20200110,000000,68.1080000,68.1300000,67.5900000,67.8650000,124355
EURRUB,D,20200112,000000,67.8396000,68.0090000,67.7510000,67.9010000,685
EURRUB,D,20200113,000000,67.9640000,68.3680000,67.6600000,68.0500000,92685
EURRUB,D,20200114,000000,68.1690000,68.4900000,68.0030000,68.2891000,98047
EURRUB,D,20200115,000000,68.3040000,68.8520000,68.1820000,68.3530000,94633
EURRUB,D,20200116,000000,68.4570000,68.8940000,68.2340000,68.6090000,97785
EURRUB,D,20200117,000000,68.6781000,68.7200000,68.0570000,68.2790000,98881
EURRUB,D,20200119,000000,68.2930000,68.3130000,68.1790000,68.2110000,1261
EURRUB,D,20200120,000000,68.2970000,68.4170000,68.0840000,68.2660000,85582
EURRUB,D,20200121,000000,68.3620000,68.7720000,68.2170000,68.5930000,99258
EURRUB,D,20200122,000000,68.6030000,68.8188000,68.3320000,68.5780000,94890
EURRUB,D,20200123,000000,68.6930000,68.7940000,68.3526000,68.3710000,96632
EURRUB,D,20200124,000000,68.4550000,68.6590000,68.0360000,68.5190000,95962
EURRUB,D,20200126,000000,68.6322000,68.6890000,68.4730000,68.4920000,1156
EURRUB,D,20200127,000000,68.5990000,69.4830000,68.4640000,69.3510000,95728
EURRUB,D,20200128,000000,69.3480000,69.5400000,68.4390000,68.5924000,101870
EURRUB,D,20200129,000000,68.6040000,69.1200000,68.4110000,68.7790000,100598
EURRUB,D,20200130,000000,68.7790000,70.0750000,68.7650000,69.7249000,105735
EURRUB,D,20200131,000000,69.7370000,71.0160000,69.4290000,70.9840000,105847
EURRUB,D,20200202,000000,70.7880000,71.0350000,70.7790000,70.9006000,432
EURRUB,D,20200203,000000,70.9180000,70.9688000,70.0560000,70.3450000,106805
EURRUB,D,20200204,000000,70.3650000,70.4770000,69.3290000,69.4722000,110091
EURRUB,D,20200205,000000,69.4970000,69.8810000,68.8300000,69.0570000,106559
EURRUB,D,20200206,000000,69.0580000,69.7190000,68.7870000,69.4210000,107274
EURRUB,D,20200207,000000,69.5090000,70.4585000,69.3270000,70.2210000,110233
EURRUB,D,20200209,000000,70.1750000,70.4230000,69.9540000,70.0637000,427
EURRUB,D,20200210,000000,70.1978000,70.2650000,69.6455000,69.9040000,102237
EURRUB,D,20200211,000000,69.8239000,69.9660000,69.0020000,69.0629000,102795
EURRUB,D,20200212,000000,69.0730000,69.2060000,68.5421000,68.8283000,105171
EURRUB,D,20200213,000000,68.8253000,69.4140000,68.6247000,68.8112000,103377
EURRUB,D,20200214,000000,68.9585000,69.0220000,68.6347000,68.7860000,98323
EURRUB,D,20200216,000000,68.7460000,68.9820000,68.5475000,68.7886000,410
EURRUB,D,20200217,000000,68.7886000,69.1360000,68.4541000,68.8948000,78701
EURRUB,D,20200218,000000,68.8923000,69.4125000,68.6201000,68.9132000,96386
EURRUB,D,20200219,000000,68.7984000,69.0180000,68.4617000,68.7009000,101602
EURRUB,D,20200220,000000,68.6985000,69.3821000,68.5013000,69.1183000,107575
EURRUB,D,20200221,000000,69.1180000,69.9650000,69.0749000,69.5080000,113344
EURRUB,D,20200223,000000,69.4970000,69.7140000,68.6650000,69.6157000,1607
EURRUB,D,20200224,000000,69.6139000,71.2523000,69.5247000,70.9094000,83210
EURRUB,D,20200225,000000,70.9087000,71.2995000,70.1551000,71.0346000,95118
EURRUB,D,20200226,000000,70.9502000,71.5575000,70.5302000,71.2477000,104640
EURRUB,D,20200227,000000,71.1503000,73.0880000,71.1424000,72.9077000,88303
EURRUB,D,20200228,000000,72.8406000,74.7150000,72.6775000,73.5890000,95086
EURRUB,D,20200301,000000,73.7760000,74.2822000,73.6045000,74.1315000,368
EURRUB,D,20200302,000000,74.1167000,74.9950000,73.1978000,73.9230000,99245
EURRUB,D,20200303,000000,73.8000000,74.1780000,73.0135000,73.8615000,332142
EURRUB,D,20200304,000000,73.8622000,74.0591000,72.8260000,73.6611000,325489
EURRUB,D,20200305,000000,73.6611000,76.0290000,73.4053000,75.8025000,362811
EURRUB,D,20200306,000000,75.8354000,77.7877000,75.4231000,77.3600000,401451
EURRUB,D,20200308,000000,77.3630000,82.4030000,77.3530000,81.9479000,467
EURRUB,D,20200309,000000,81.9486000,86.4576000,81.7200000,84.9040000,9118
EURRUB,D,20200310,000000,84.8733000,85.1146000,79.8100000,80.6093000,304627
EURRUB,D,20200311,000000,80.6024000,82.5560000,79.9037000,81.6036000,252306
EURRUB,D,20200312,000000,82.0237000,84.8534000,81.3218000,83.8670000,283437
EURRUB,D,20200313,000000,83.7130000,83.9650000,79.9201000,80.4730000,307152
EURRUB,D,20200315,000000,81.0543000,82.3522000,79.8740000,81.6620000,744
EURRUB,D,20200316,000000,81.5390000,84.3361000,80.4910000,82.9010000,403222
EURRUB,D,20200317,000000,82.9220000,83.4870000,81.7269000,82.2890000,373840
EURRUB,D,20200318,000000,82.7800000,90.0944000,82.2300000,88.5780000,358282
EURRUB,D,20200319,000000,88.1500000,89.4790000,83.7811000,84.1440000,83062
EURRUB,D,20200320,000000,84.0950000,85.6283000,83.1914000,85.5290000,315301
EURRUB,D,20200322,000000,85.2220000,86.4860000,85.0686000,86.0690000,5871
EURRUB,D,20200323,000000,86.0700000,87.3871000,84.9580000,85.2780000,278148
EURRUB,D,20200324,000000,85.4400000,86.0380000,84.0460000,84.5420000,285479
EURRUB,D,20200325,000000,84.2730000,85.7433000,83.3825000,85.3280000,355688
EURRUB,D,20200326,000000,85.2780000,86.1966000,84.5240000,85.3272000,384502
EURRUB,D,20200327,000000,85.4239000,87.9353000,85.1700000,87.7010000,364450
EURRUB,D,20200329,000000,87.7340000,88.7070000,87.4342000,88.3250000,82
EURRUB,D,20200330,000000,88.4810000,89.0223000,87.4140000,87.7980000,299186
EURRUB,D,20200331,000000,87.8150000,87.9160000,85.3819000,86.4210000,303867
EURRUB,D,20200401,000000,86.2890000,87.0875000,85.7877000,86.1450000,306330
EURRUB,D,20200402,000000,86.2320000,86.4860000,83.4840000,83.6650000,292795
EURRUB,D,20200403,000000,83.5068000,84.4540000,82.5436000,82.6070000,335049
EURRUB,D,20200405,000000,83.3190000,83.7510000,82.7660000,83.2092000,104
EURRUB,D,20200406,000000,83.2548000,83.6940000,81.7510000,81.9034000,278135
EURRUB,D,20200407,000000,81.9049000,82.7019000,81.4863000,82.1420000,287876
EURRUB,D,20200408,000000,82.1470000,82.3906000,81.2195000,81.5400000,235805
EURRUB,D,20200409,000000,81.2870000,81.6676000,79.3819000,81.2840000,172301
EURRUB,D,20200410,000000,81.1340000,81.3680000,80.0679000,80.3460000,146393
EURRUB,D,20200412,000000,80.5390000,80.7610000,79.9980000,79.9980000,43
EURRUB,D,20200413,000000,79.9890000,80.9088000,79.5440000,80.1480000,221994
EURRUB,D,20200414,000000,80.0580000,80.5491000,79.6660000,80.2340000,256636
EURRUB,D,20200415,000000,80.1970000,82.1660000,79.8262000,81.7090000,331704
EURRUB,D,20200416,000000,81.6960000,81.7230000,79.8274000,79.8975000,345494
EURRUB,D,20200417,000000,79.8982000,80.8602000,79.3296000,80.3090000,321855
EURRUB,D,20200419,000000,80.5210000,80.6080000,79.9187000,80.4470000,90
EURRUB,D,20200420,000000,80.4770000,82.0663000,80.2770000,81.9635000,330029
EURRUB,D,20200421,000000,81.9635000,84.1854000,81.4795000,83.7540000,335151
EURRUB,D,20200422,000000,83.2585000,84.2868000,81.2990000,82.0140000,365451
EURRUB,D,20200423,000000,81.7750000,82.1550000,80.0755000,80.1970000,352878
EURRUB,D,20200424,000000,80.5440000,80.7960000,79.7507000,80.5550000,345739
EURRUB,D,20200426,000000,80.7120000,80.9750000,80.3840000,80.3840000,68
EURRUB,D,20200427,000000,80.5730000,81.0294000,79.7287000,80.3000000,267939
EURRUB,D,20200428,000000,80.3430000,80.9488000,79.8290000,79.9100000,331642
EURRUB,D,20200429,000000,80.4160000,80.5770000,79.2859000,79.4040000,285834
EURRUB,D,20200430,000000,79.4167000,81.6213000,78.9323000,81.3710000,350006
EURRUB,D,20200501,000000,81.3470000,83.4563000,81.2800000,82.6000000,117334
EURRUB,D,20200503,000000,82.8070000,82.8070000,82.3270000,82.5210000,2029
EURRUB,D,20200504,000000,82.5060000,83.0623000,81.1380000,81.1550000,289057
EURRUB,D,20200505,000000,81.1680000,81.6650000,79.6590000,79.6760000,296759
EURRUB,D,20200506,000000,79.6800000,81.1326000,79.2896000,80.5370000,329091
EURRUB,D,20200507,000000,80.5600000,80.5680000,79.2729000,80.0590000,304152
EURRUB,D,20200508,000000,80.0850000,80.4670000,79.1914000,79.4890000,206241
EURRUB,D,20200510,000000,79.4170000,79.6166000,79.3640000,79.5380000,55
EURRUB,D,20200511,000000,79.5230000,79.9931000,79.0800000,79.4820000,39406
EURRUB,D,20200512,000000,79.4590000,80.0304000,79.1342000,79.7223000,199585
EURRUB,D,20200513,000000,79.7568000,80.3771000,79.4002000,79.9600000,255644
EURRUB,D,20200514,000000,79.9480000,80.3510000,79.1783000,79.7440000,254423
EURRUB,D,20200515,000000,79.7180000,79.9079000,78.9448000,79.3380000,238087
EURRUB,D,20200517,000000,79.6480000,79.8990000,79.3330000,79.5792000,172
EURRUB,D,20200518,000000,79.6550000,79.7220000,78.6000000,79.1985000,297287
EURRUB,D,20200519,000000,79.1985000,79.5720000,78.9635000,79.2330000,222247
EURRUB,D,20200520,000000,79.2340000,79.4670000,77.8590000,78.1710000,223968
EURRUB,D,20200521,000000,78.1840000,78.3320000,77.4100000,77.4100000,225618
EURRUB,D,20200522,000000,77.7830000,78.6131000,77.3470000,77.9060000,248894
EURRUB,D,20200524,000000,77.8050000,78.1240000,77.7550000,77.9200000,65
EURRUB,D,20200525,000000,77.9190000,78.3415000,77.4080000,77.9884000,157937
EURRUB,D,20200526,000000,77.9882000,78.1400000,77.4476000,77.5938000,216296
EURRUB,D,20200527,000000,77.6247000,78.5306000,77.3366000,78.0640000,258997
EURRUB,D,20200528,000000,78.0630000,78.3787000,77.6803000,78.1080000,247033
EURRUB,D,20200529,000000,78.1190000,78.7446000,77.6880000,77.9320000,274756
EURRUB,D,20200531,000000,78.0160000,78.2870000,77.6230000,77.8200000,322
EURRUB,D,20200601,000000,77.8050000,78.2220000,76.6200000,76.8770000,305393
EURRUB,D,20200602,000000,76.7240000,77.1542000,76.5034000,76.7800000,247717
EURRUB,D,20200603,000000,76.7803000,77.2741000,76.2846000,76.6970000,291910
EURRUB,D,20200604,000000,76.9750000,78.5829000,76.5610000,78.1759000,285802
EURRUB,D,20200605,000000,78.1795000,78.3862000,77.0999000,77.4040000,297288
EURRUB,D,20200607,000000,77.0050000,77.5510000,76.7200000,77.0212000,518
EURRUB,D,20200608,000000,77.1070000,77.5141000,76.7700000,76.9305000,297594
EURRUB,D,20200609,000000,76.9305000,78.0101000,76.7416000,77.6225000,292286
EURRUB,D,20200610,000000,77.6225000,78.3231000,77.5400000,77.9017000,314948
EURRUB,D,20200611,000000,77.9052000,79.5470000,77.6421000,78.9700000,379510
EURRUB,D,20200612,000000,79.0670000,79.5040000,78.0024000,78.6760000,192629
EURRUB,D,20200614,000000,78.4700000,78.7690000,78.1288000,78.2910000,71
EURRUB,D,20200615,000000,78.2790000,79.2681000,78.2600000,78.8067000,374729
EURRUB,D,20200616,000000,78.7940000,79.2066000,77.8949000,78.2320000,308791
EURRUB,D,20200617,000000,78.2300000,78.5740000,78.0279000,78.3110000,238540
EURRUB,D,20200618,000000,78.3000000,78.5160000,77.8098000,78.1412000,286631
EURRUB,D,20200619,000000,78.3350000,78.3730000,77.4612000,77.5090000,277226
EURRUB,D,20200621,000000,77.6560000,78.0370000,77.5440000,77.8200000,80
EURRUB,D,20200622,000000,77.9260000,78.0590000,77.4890000,77.6840000,263947
EURRUB,D,20200623,000000,77.6840000,78.2370000,77.4849000,77.6720000,225198
EURRUB,D,20200624,000000,77.6728000,78.4684000,77.5904000,78.1630000,153400
EURRUB,D,20200625,000000,78.1300000,78.3510000,77.2778000,77.3940000,290490
EURRUB,D,20200626,000000,77.3998000,78.3843000,77.2159000,78.2670000,243065
EURRUB,D,20200628,000000,78.2630000,78.4674000,78.0880000,78.0880000,70
EURRUB,D,20200629,000000,78.2820000,79.1899000,78.1620000,78.7847000,6170
EURRUB,D,20200630,000000,78.8090000,80.1502000,78.4881000,79.8683000,268680
EURRUB,D,20200701,000000,79.9770000,80.0280000,79.3062000,79.4199000,135158
EURRUB,D,20200702,000000,79.4261000,79.7840000,78.9070000,78.9240000,227184
EURRUB,D,20200703,000000,78.9210000,80.5676000,78.8180000,80.1910000,158467
EURRUB,D,20200705,000000,80.2780000,80.4710000,80.1295000,80.2760000,53
EURRUB,D,20200706,000000,80.2680000,81.5560000,79.8080000,81.1303000,212350
EURRUB,D,20200707,000000,81.2360000,81.6293000,80.1590000,80.5500000,259430
EURRUB,D,20200708,000000,80.5360000,80.8674000,80.0833000,80.7630000,238416
EURRUB,D,20200709,000000,80.7580000,81.0550000,79.7542000,79.8192000,253076
EURRUB,D,20200710,000000,79.8192000,80.4655000,79.6620000,79.9905000,254374
EURRUB,D,20200712,000000,80.0620000,80.2940000,79.8460000,79.9300000,95
EURRUB,D,20200713,000000,80.0197000,80.5992000,79.8222000,80.2360000,213856
EURRUB,D,20200714,000000,80.4790000,81.1382000,80.1574000,81.0690000,259359
EURRUB,D,20200715,000000,80.8040000,81.3016000,80.5379000,80.9240000,230180
EURRUB,D,20200716,000000,81.0660000,81.5647000,80.6000000,81.3770000,215686
EURRUB,D,20200717,000000,81.3853000,82.2719000,81.2329000,82.1260000,190283
EURRUB,D,20200719,000000,82.0340000,82.2320000,81.7980000,82.2320000,75
EURRUB,D,20200720,000000,82.1920000,82.5580000,81.4489000,81.5560000,6481
EURRUB,D,20200721,000000,81.6310000,81.8240000,80.8088000,81.4327000,233066
EURRUB,D,20200722,000000,81.4442000,82.5740000,81.3526000,82.3310000,264505
EURRUB,D,20200723,000000,82.3360000,82.9036000,82.0269000,82.7230000,255371
EURRUB,D,20200724,000000,82.5840000,83.6368000,82.4680000,83.3910000,249451
EURRUB,D,20200726,000000,83.5330000,83.7250000,83.2810000,83.5710000,75
EURRUB,D,20200727,000000,83.6900000,84.4646000,83.4240000,84.2070000,236936
EURRUB,D,20200728,000000,84.2210000,85.2010000,83.7250000,84.8400000,254591
EURRUB,D,20200729,000000,84.8480000,85.8596000,84.7135000,85.4190000,258023
EURRUB,D,20200730,000000,85.4558000,87.3010000,85.2672000,87.0840000,314667
EURRUB,D,20200731,000000,87.2020000,88.0259000,86.8060000,87.4410000,272700
EURRUB,D,20200802,000000,87.4320000,87.4390000,86.9320000,87.2730000,77
EURRUB,D,20200803,000000,86.9890000,87.6839000,85.7570000,85.8650000,252827
EURRUB,D,20200804,000000,85.8641000,87.2562000,85.7452000,86.6380000,274976
EURRUB,D,20200805,000000,86.6648000,86.8240000,86.2144000,86.4950000,245735
EURRUB,D,20200806,000000,86.4700000,87.8590000,86.1880000,86.9536000,248116
EURRUB,D,20200807,000000,86.9130000,87.3538000,86.4150000,86.9100000,284551
EURRUB,D,20200809,000000,86.8910000,87.4490000,86.4560000,86.5090000,64
EURRUB,D,20200810,000000,86.5050000,87.1122000,85.8860000,86.1670000,284632
EURRUB,D,20200811,000000,86.3200000,86.4000000,85.5100000,85.6748000,375539
EURRUB,D,20200812,000000,85.6697000,87.0560000,85.5840000,86.8290000,343977
EURRUB,D,20200813,000000,86.8270000,87.2330000,85.9360000,86.1990000,336388
EURRUB,D,20200814,000000,86.1560000,86.8020000,85.9206000,86.2820000,285539
EURRUB,D,20200816,000000,86.2780000,86.5940000,86.0987000,86.4800000,78
EURRUB,D,20200817,000000,86.4850000,87.5393000,86.1804000,87.3566000,231723
EURRUB,D,20200818,000000,87.3559000,87.6460000,86.7389000,87.1430000,250719
EURRUB,D,20200819,000000,87.1860000,87.8022000,86.3150000,86.6640000,228725
EURRUB,D,20200820,000000,86.7070000,87.8549000,86.5855000,87.6920000,259305
EURRUB,D,20200821,000000,87.7100000,88.2826000,87.3496000,88.1970000,253582
EURRUB,D,20200823,000000,88.2610000,88.2610000,87.7322000,88.0754000,4125
EURRUB,D,20200824,000000,88.0778000,88.4390000,87.6180000,87.7170000,283422
EURRUB,D,20200825,000000,87.7570000,89.4173000,87.7200000,89.0368000,320743
EURRUB,D,20200826,000000,89.0375000,89.7887000,88.8202000,89.2480000,325437
EURRUB,D,20200827,000000,89.5070000,89.5140000,88.1960000,88.6540000,257849
EURRUB,D,20200828,000000,88.6510000,89.1520000,87.8900000,88.0890000,343065
EURRUB,D,20200830,000000,88.1600000,88.8730000,88.0169000,88.1965000,573
EURRUB,D,20200831,000000,88.1972000,89.0241000,87.5336000,88.1650000,246635
EURRUB,D,20200901,000000,87.8950000,88.6510000,87.4400000,87.6040000,257136
EURRUB,D,20200902,000000,87.5600000,89.6288000,87.2848000,89.1320000,278602
EURRUB,D,20200903,000000,89.0680000,89.5517000,88.5940000,88.9330000,342368
EURRUB,D,20200904,000000,89.2020000,89.4329000,88.7013000,89.1330000,300472
EURRUB,D,20200906,000000,89.0900000,89.4360000,88.8370000,89.2150000,82
EURRUB,D,20200907,000000,88.9010000,90.0901000,88.8680000,89.3615000,190687
EURRUB,D,20200908,000000,89.3617000,90.2553000,89.2627000,89.7510000,321908
EURRUB,D,20200909,000000,89.7400000,90.0020000,88.6130000,88.8790000,335551
EURRUB,D,20200910,000000,88.8530000,89.4663000,88.5300000,88.8990000,271375
EURRUB,D,20200911,000000,88.8280000,89.0550000,88.4000000,88.5960000,314203
EURRUB,D,20200913,000000,88.8150000,88.8150000,88.5140000,88.7350000,82
EURRUB,D,20200914,000000,88.7420000,89.6571000,88.3473000,89.1512000,210193
EURRUB,D,20200915,000000,89.2730000,89.5386000,88.6627000,88.7680000,186884
EURRUB,D,20200916,000000,88.7440000,89.1160000,88.1970000,88.1970000,237114
EURRUB,D,20200917,000000,88.3890000,89.1650000,87.9550000,88.5090000,256298
EURRUB,D,20200918,000000,88.8320000,89.7505000,88.5610000,89.6210000,216535
EURRUB,D,20200920,000000,89.5300000,89.8420000,89.3145000,89.4610000,79
EURRUB,D,20200921,000000,89.4410000,90.3890000,88.8020000,89.2787000,376222
EURRUB,D,20200922,000000,89.2787000,89.7574000,88.7150000,89.0490000,397563
EURRUB,D,20200923,000000,89.0170000,89.9905000,88.5670000,89.5630000,379200
EURRUB,D,20200924,000000,89.5920000,90.2239000,89.3170000,89.9640000,372927
EURRUB,D,20200925,000000,89.9720000,91.2426000,89.4190000,90.8240000,368041
EURRUB,D,20200927,000000,90.9590000,91.0277000,90.5360000,90.7790000,89
EURRUB,D,20200928,000000,90.7870000,92.4490000,90.6911000,92.2670000,288640
EURRUB,D,20200929,000000,92.2691000,93.3081000,91.9220000,92.4140000,371928
EURRUB,D,20200930,000000,92.4200000,93.1445000,90.8360000,90.8610000,328600
EURRUB,D,20201001,000000,91.0900000,91.3310000,90.0540000,90.7180000,247696
EURRUB,D,20201002,000000,90.4870000,92.2312000,90.3320000,91.6070000,342802
EURRUB,D,20201004,000000,91.6030000,91.7880000,91.3210000,91.4832000,84
EURRUB,D,20201005,000000,91.4801000,92.7478000,91.2199000,91.9722000,259106
EURRUB,D,20201006,000000,91.9722000,92.6866000,91.5768000,92.0026000,292588
EURRUB,D,20201007,000000,92.0026000,92.3358000,91.5949000,91.7659000,280077
EURRUB,D,20201008,000000,91.6962000,91.9610000,90.7780000,90.8466000,239921
EURRUB,D,20201009,000000,90.8466000,91.1911000,90.4587000,90.6940000,252863
EURRUB,D,20201011,000000,90.7850000,90.9180000,90.5100000,90.5380000,87
EURRUB,D,20201012,000000,90.7860000,91.1660000,90.4940000,90.9870000,187713
EURRUB,D,20201013,000000,90.5800000,91.2228000,90.2900000,90.3705000,257836
EURRUB,D,20201014,000000,90.3699000,91.4250000,90.3105000,91.3740000,254742
EURRUB,D,20201015,000000,91.4000000,91.8280000,91.1125000,91.2790000,269063
EURRUB,D,20201016,000000,91.1730000,91.7957000,91.0515000,91.1020000,245550
EURRUB,D,20201018,000000,91.2210000,91.3270000,90.8060000,91.1170000,101
EURRUB,D,20201019,000000,91.1400000,91.7370000,90.8740000,91.3310000,268501
EURRUB,D,20201020,000000,91.3450000,92.1702000,91.0380000,91.3178000,286492
EURRUB,D,20201021,000000,91.3140000,91.5890000,90.7481000,90.9080000,320346
EURRUB,D,20201022,000000,90.8990000,91.7660000,90.2398000,90.4340000,312306
EURRUB,D,20201023,000000,90.3519000,90.7368000,90.0745000,90.2760000,270402
EURRUB,D,20201025,000000,90.2510000,90.3760000,90.0330000,90.3620000,2438
EURRUB,D,20201026,000000,90.2360000,90.6180000,89.7788000,90.0670000,270356
EURRUB,D,20201027,000000,90.2600000,91.3170000,90.1190000,90.9782000,159149
EURRUB,D,20201028,000000,90.9691000,93.0868000,90.8392000,92.8288000,396194
EURRUB,D,20201029,000000,92.7200000,93.3994000,91.7710000,91.8630000,376260
EURRUB,D,20201030,000000,92.0390000,92.8610000,91.7822000,92.5080000,358169
EURRUB,D,20201101,000000,91.6830000,92.8170000,91.6830000,92.1310000,152
EURRUB,D,20201102,000000,92.1610000,94.1279000,92.1610000,93.8630000,346451
EURRUB,D,20201103,000000,93.3590000,93.9890000,92.4365000,92.8260000,246166
EURRUB,D,20201104,000000,92.9590000,93.1140000,90.6227000,90.8879000,14618
EURRUB,D,20201105,000000,90.8879000,92.4529000,90.3080000,90.7708000,434479
EURRUB,D,20201106,000000,90.7756000,92.4922000,90.5550000,91.8110000,374792
EURRUB,D,20201108,000000,91.9030000,92.3130000,91.8702000,91.9180000,90
EURRUB,D,20201109,000000,91.9010000,92.1320000,89.7199000,90.0020000,193856
EURRUB,D,20201110,000000,90.2350000,90.8424000,89.9015000,90.2642000,393548
EURRUB,D,20201111,000000,90.2652000,90.8680000,89.5674000,90.4840000,312236
EURRUB,D,20201112,000000,90.4850000,91.4641000,90.2290000,91.0850000,344870
EURRUB,D,20201113,000000,91.1090000,91.8935000,90.6960000,91.3240000,238287
EURRUB,D,20201115,000000,91.5140000,91.6650000,91.4311000,91.6650000,93
EURRUB,D,20201116,000000,91.4230000,91.6730000,90.1080000,90.3470000,245987
EURRUB,D,20201117,000000,90.3469000,90.9903000,90.1690000,90.4340000,320941
EURRUB,D,20201118,000000,90.4330000,90.6590000,89.6760000,89.9121000,310898
EURRUB,D,20201119,000000,89.9118000,90.7860000,89.7398000,90.7000000,368814
EURRUB,D,20201120,000000,90.3320000,90.9360000,90.0000000,90.0720000,283196
EURRUB,D,20201122,000000,90.5050000,90.5050000,90.0620000,90.3559000,3668
EURRUB,D,20201123,000000,90.3559000,90.6160000,89.6669000,90.0070000,262123
EURRUB,D,20201124,000000,90.0010000,90.4552000,89.4735000,89.6684000,262017
EURRUB,D,20201125,000000,89.6720000,90.4337000,89.6063000,89.9350000,303660
EURRUB,D,20201126,000000,90.0900000,90.2460000,89.8514000,90.0516000,161566
EURRUB,D,20201127,000000,90.0593000,90.9951000,89.9500000,90.9080000,205904
EURRUB,D,20201129,000000,90.7080000,91.2560000,90.6310000,90.7500000,190
EURRUB,D,20201130,000000,90.6950000,91.5848000,90.6600000,91.0761000,327683
EURRUB,D,20201201,000000,91.0761000,91.8450000,90.5760000,91.6510000,331147
EURRUB,D,20201202,000000,91.6020000,91.8080000,90.6480000,90.8380000,319647
EURRUB,D,20201203,000000,91.0000000,91.3737000,90.1405000,90.2450000,327025
EURRUB,D,20201204,000000,90.5060000,90.6890000,89.5320000,89.6990000,310418
EURRUB,D,20201206,000000,89.6650000,90.0170000,89.5160000,89.7121000,805
EURRUB,D,20201207,000000,89.7106000,90.1590000,88.9321000,89.3550000,299038
EURRUB,D,20201208,000000,89.3040000,89.5250000,88.5040000,88.6290000,275140
EURRUB,D,20201209,000000,88.8340000,89.4858000,88.6470000,88.9480000,269802
EURRUB,D,20201210,000000,88.9810000,89.3174000,88.3829000,88.6547000,297290
EURRUB,D,20201211,000000,88.6439000,88.9660000,88.2309000,88.3070000,298418
EURRUB,D,20201213,000000,88.4960000,88.8420000,88.4020000,88.5120000,70
EURRUB,D,20201214,000000,88.7580000,90.0260000,88.3320000,89.3870000,396354
EURRUB,D,20201215,000000,89.4050000,89.7382000,88.8185000,88.9799000,291937
EURRUB,D,20201216,000000,88.9804000,89.8559000,88.7784000,89.2890000,300204
EURRUB,D,20201217,000000,89.4550000,89.7170000,88.7690000,89.3600000,270429
EURRUB,D,20201218,000000,89.6370000,90.5279000,89.2040000,89.6940000,289440
EURRUB,D,20201220,000000,89.5690000,90.5890000,89.5690000,90.0865000,225
EURRUB,D,20201221,000000,90.0720000,91.8590000,89.9170000,91.4302000,322647
EURRUB,D,20201222,000000,91.4304000,92.4980000,91.2644000,92.4017000,299228
EURRUB,D,20201223,000000,92.4017000,92.5710000,91.0853000,91.4030000,265760
EURRUB,D,20201224,000000,91.5200000,91.7970000,89.8220000,90.0610000,181774
EURRUB,D,20201225,000000,90.2240000,90.5410000,89.7370000,90.2380000,241
EURRUB,D,20201227,000000,90.0770000,90.3790000,90.0770000,90.2200000,52
EURRUB,D,20201228,000000,90.3220000,90.6490000,89.7884000,90.0880000,190998
EURRUB,D,20201229,000000,90.7180000,90.8200000,89.8292000,90.3510000,206003
EURRUB,D,20201230,000000,90.5830000,92.1420000,90.0560000,91.4610000,232319
EURRUB,D,20201231,000000,91.4470000,92.4450000,90.1640000,90.1640000,92846
EURRUB,D,20210101,000000,90.1640000,90.1640000,90.1640000,90.1640000,16
EURRUB,D,20210103,000000,90.5872000,91.2070000,90.2920000,91.1150000,80
EURRUB,D,20210104,000000,91.0730000,91.2860000,89.6040000,91.2840000,334560
EURRUB,D,20210105,000000,91.2670000,92.3585000,90.6328000,91.2180000,367120
EURRUB,D,20210106,000000,91.3100000,91.4630000,90.4680000,91.4520000,428140
EURRUB,D,20210107,000000,91.4290000,91.9413000,90.4950000,91.2270000,171123
EURRUB,D,20210108,000000,91.5310000,91.5470000,90.1888000,90.2130000,409485
EURRUB,D,20210110,000000,90.7248000,90.7248000,90.0730000,90.0880000,197
EURRUB,D,20210111,000000,90.1720000,91.1109000,90.0150000,90.7940000,317479
EURRUB,D,20210112,000000,90.7640000,90.8030000,89.3336000,89.5936000,316152
EURRUB,D,20210113,000000,89.5366000,90.2860000,89.3617000,89.8560000,309367
EURRUB,D,20210114,000000,89.6790000,89.8686000,88.7456000,89.1010000,272422
EURRUB,D,20210115,000000,88.9295000,89.4234000,88.5490000,88.5490000,309617
EURRUB,D,20210117,000000,88.7870000,89.2014000,88.6810000,88.9200000,78
EURRUB,D,20210118,000000,88.9250000,89.6632000,88.6820000,89.2600000,265403
EURRUB,D,20210119,000000,89.2242000,89.9050000,88.9992000,89.5840000,294105
EURRUB,D,20210120,000000,89.5410000,89.6780000,88.6990000,89.0260000,281059
EURRUB,D,20210121,000000,89.0140000,90.1080000,88.6720000,89.9980000,307204
EURRUB,D,20210122,000000,90.0050000,91.6960000,89.7360000,91.4510000,382816
EURRUB,D,20210124,000000,91.6447000,91.8610000,91.5810000,91.7790000,87
EURRUB,D,20210125,000000,91.6300000,91.9582000,90.7965000,91.3291000,337238
EURRUB,D,20210126,000000,91.3252000,91.8562000,91.0768000,91.1310000,300343
EURRUB,D,20210127,000000,91.1320000,91.9340000,90.9010000,91.7253000,351583
EURRUB,D,20210128,000000,91.7033000,92.4978000,91.4943000,92.1590000,385076
EURRUB,D,20210129,000000,92.1760000,92.4236000,91.3394000,91.8630000,383114
EURRUB,D,20210131,000000,92.1870000,92.1870000,91.8080000,91.9330000,104
EURRUB,D,20210201,000000,91.9550000,92.0870000,91.0800000,91.8560000,391132
EURRUB,D,20210202,000000,91.7636000,91.8890000,90.6676000,91.6561000,389857
EURRUB,D,20210203,000000,91.6575000,91.8880000,90.9720000,91.2509000,350888
EURRUB,D,20210204,000000,91.2521000,91.4770000,90.1080000,90.3650000,331703
EURRUB,D,20210205,000000,90.2470000,90.4560000,89.3160000,89.8800000,286554
EURRUB,D,20210207,000000,90.1210000,90.1210000,89.6700000,89.8510000,117
EURRUB,D,20210208,000000,89.9830000,89.9980000,89.2084000,89.6050000,212146
EURRUB,D,20210209,000000,89.5750000,89.7741000,89.2216000,89.4202000,239155
EURRUB,D,20210210,000000,89.4226000,89.7486000,89.2716000,89.4204000,260997
EURRUB,D,20210211,000000,89.4208000,89.5980000,89.1960000,89.2000000,174157
EURRUB,D,20210212,000000,89.1890000,90.1102000,89.0420000,89.2410000,216410
EURRUB,D,20210214,000000,89.3243000,89.3860000,89.0740000,89.0822000,2176
EURRUB,D,20210215,000000,89.0846000,89.3760000,88.7206000,88.8736000,154104
EURRUB,D,20210216,000000,88.8524000,89.4909000,88.7230000,88.8340000,241608
EURRUB,D,20210217,000000,88.8050000,89.3441000,88.5136000,88.6911000,248703
EURRUB,D,20210218,000000,88.6906000,89.5262000,88.5228000,89.2409000,237375
EURRUB,D,20210219,000000,89.2321000,90.0443000,89.1745000,89.7190000,246992
EURRUB,D,20210221,000000,89.6100000,89.9910000,89.6050000,89.8260000,83
EURRUB,D,20210222,000000,89.7460000,91.0164000,89.3579000,90.3200000,262323
EURRUB,D,20210223,000000,90.3100000,90.3660000,89.5550000,89.8850000,124496
EURRUB,D,20210224,000000,89.8810000,90.1620000,89.2238000,89.3986000,287253
EURRUB,D,20210225,000000,89.4147000,91.0696000,89.2291000,90.7531000,351254
EURRUB,D,20210226,000000,90.7634000,90.8840000,89.5370000,89.5370000,380186
EURRUB,D,20210228,000000,90.1270000,90.3790000,89.5620000,90.1540000,94
EURRUB,D,20210301,000000,89.8500000,90.2180000,88.9343000,89.3307000,189557
EURRUB,D,20210302,000000,89.3307000,89.7202000,88.4761000,89.0933000,268919
EURRUB,D,20210303,000000,89.0691000,89.4070000,88.7039000,89.0175000,300887
EURRUB,D,20210304,000000,89.0175000,89.7578000,88.3151000,89.1585000,353778
EURRUB,D,20210305,000000,89.1561000,89.8470000,88.2530000,88.2530000,382842
EURRUB,D,20210307,000000,88.4850000,88.6570000,88.1205000,88.2160000,69
EURRUB,D,20210308,000000,88.2100000,88.7950000,87.8340000,88.1515000,177682
EURRUB,D,20210309,000000,88.1557000,88.5620000,87.7200000,88.0745000,386751
EURRUB,D,20210310,000000,88.0723000,88.1670000,87.4820000,87.6118000,357022
EURRUB,D,20210311,000000,87.6008000,88.3743000,87.4820000,87.8580000,343645
EURRUB,D,20210312,000000,87.8550000,87.9709000,87.3800000,87.5900000,327902
EURRUB,D,20210314,000000,87.6330000,87.8610000,87.3350000,87.6010000,133
EURRUB,D,20210315,000000,87.6430000,87.8110000,86.5694000,86.7318000,238284
EURRUB,D,20210316,000000,86.7598000,87.1127000,86.4503000,86.6391000,263568
EURRUB,D,20210317,000000,86.6391000,88.3520000,86.6284000,88.2181000,269134
EURRUB,D,20210318,000000,88.2181000,88.6330000,87.8318000,88.5224000,308799
EURRUB,D,20210319,000000,88.5224000,88.7520000,87.6703000,88.1690000,271419
EURRUB,D,20210321,000000,88.3035000,88.7830000,88.0790000,88.2142000,1006
EURRUB,D,20210322,000000,88.2142000,89.5917000,88.1665000,89.2150000,245094
EURRUB,D,20210323,000000,89.2160000,90.7790000,89.2020000,90.3607000,316742
EURRUB,D,20210324,000000,90.2775000,91.1587000,89.5854000,90.4696000,292519
EURRUB,D,20210325,000000,90.4696000,90.6390000,89.3802000,89.5320000,302949
EURRUB,D,20210326,000000,89.5175000,89.7361000,89.0161000,89.5010000,230565
EURRUB,D,20210328,000000,89.5490000,89.6030000,88.9888000,89.1815000,505
EURRUB,D,20210329,000000,89.1883000,89.5995000,88.8080000,89.0710000,291119
EURRUB,D,20210330,000000,89.0630000,89.2588000,88.5360000,88.9114000,307777
EURRUB,D,20210331,000000,88.9020000,89.1000000,88.1475000,88.6380000,275684
EURRUB,D,20210401,000000,88.7128000,90.0128000,88.5613000,89.8380000,331971
EURRUB,D,20210402,000000,89.6940000,90.0280000,89.2840000,89.9450000,120946
EURRUB,D,20210404,000000,89.8890000,90.0120000,89.7920000,89.9370000,52
EURRUB,D,20210405,000000,89.9560000,90.3940000,89.4720000,90.2124000,156722
EURRUB,D,20210406,000000,90.4350000,91.8540000,89.7503000,91.5460000,224213
EURRUB,D,20210407,000000,91.5460000,92.7357000,91.1659000,91.6740000,258283
EURRUB,D,20210408,000000,91.6720000,91.8917000,91.0388000,91.5270000,240708
EURRUB,D,20210409,000000,91.5200000,92.2084000,91.4360000,92.0800000,196692
EURRUB,D,20210411,000000,92.0800000,92.3520000,91.9479000,92.0027000,1565
EURRUB,D,20210412,000000,92.0627000,92.4066000,91.6496000,92.0241000,243878
EURRUB,D,20210413,000000,92.0241000,92.2010000,90.5008000,90.7670000,239093
EURRUB,D,20210414,000000,90.7227000,91.1440000,90.1897000,91.1190000,211242
EURRUB,D,20210415,000000,91.1290000,92.8446000,90.7130000,90.9710000,293900
EURRUB,D,20210416,000000,90.9533000,91.4320000,90.0964000,90.7980000,205108
EURRUB,D,20210418,000000,90.8410000,91.2450000,90.6863000,90.9191000,331
EURRUB,D,20210419,000000,90.9105000,92.0640000,90.5734000,91.7867000,213512
EURRUB,D,20210420,000000,91.8131000,92.9371000,91.5926000,92.3240000,244115
EURRUB,D,20210421,000000,92.7494000,92.7923000,91.6274000,92.0298000,223313
EURRUB,D,20210422,000000,92.1347000,92.3570000,90.3343000,90.5956000,296917
EURRUB,D,20210423,000000,90.5966000,90.8090000,89.9835000,90.4100000,237458
EURRUB,D,20210425,000000,90.5540000,90.7950000,90.3720000,90.6220000,188
EURRUB,D,20210426,000000,90.4894000,91.7020000,90.2253000,90.5370000,192799
EURRUB,D,20210427,000000,90.5362000,91.0283000,90.2360000,90.4650000,182104
EURRUB,D,20210428,000000,90.4120000,90.5368000,89.9282000,90.1305000,212408
EURRUB,D,20210429,000000,90.1442000,90.8830000,89.8887000,90.4190000,233574
EURRUB,D,20210430,000000,90.4150000,90.8304000,90.1474000,90.4000000,230770
EURRUB,D,20210502,000000,90.4410000,91.1090000,90.1360000,90.1700000,80
EURRUB,D,20210503,000000,90.4530000,91.3833000,90.1280000,90.1736000,80652
EURRUB,D,20210504,000000,90.1733000,90.6269000,89.5910000,89.8000000,317736
EURRUB,D,20210505,000000,89.8000000,89.9360000,89.3855000,89.7905000,287676
EURRUB,D,20210506,000000,89.7242000,89.9500000,89.3520000,89.4725000,302623
EURRUB,D,20210507,000000,89.4929000,89.7950000,89.2080000,89.4950000,219614
EURRUB,D,20210509,000000,89.6940000,90.0000000,89.4070000,89.4515000,122
EURRUB,D,20210510,000000,89.4465000,90.2780000,89.2351000,90.0714000,604145
EURRUB,D,20210511,000000,90.0659000,90.3542000,89.7670000,89.9867000,811444
EURRUB,D,20210512,000000,89.9867000,90.2340000,89.5696000,89.9169000,834578
EURRUB,D,20210513,000000,89.9750000,90.2050000,89.1245000,89.3710000,816582
EURRUB,D,20210514,000000,89.3820000,89.9470000,89.2203000,89.7210000,586538
EURRUB,D,20210516,000000,89.8860000,90.6210000,89.7240000,90.0280000,78
EURRUB,D,20210517,000000,90.0060000,90.1457000,89.4882000,89.6497000,527501
EURRUB,D,20210518,000000,89.6497000,90.5140000,89.5220000,90.0490000,582602
EURRUB,D,20210519,000000,89.9022000,90.2800000,89.6020000,89.6237000,717854
EURRUB,D,20210520,000000,89.6620000,90.1070000,89.5620000,89.7312000,534380
EURRUB,D,20210521,000000,89.7568000,90.0934000,89.2840000,89.6540000,559252
EURRUB,D,20210523,000000,89.6470000,89.7600000,89.5050000,89.5747000,333
EURRUB,D,20210524,000000,89.5785000,90.1678000,89.4540000,89.6733000,542113
EURRUB,D,20210525,000000,89.6489000,90.1310000,89.5560000,89.9253000,583416
EURRUB,D,20210526,000000,89.9253000,90.1603000,89.5018000,89.5509000,540023
EURRUB,D,20210527,000000,89.5896000,89.8200000,89.3593000,89.4367000,566410
EURRUB,D,20210528,000000,89.4793000,89.7263000,88.9769000,89.2110000,544479
EURRUB,D,20210530,000000,89.3260000,89.4020000,88.9671000,89.0529000,920
EURRUB,D,20210531,000000,89.2374000,89.8610000,89.0767000,89.7850000,301003
EURRUB,D,20210601,000000,89.7852000,90.0720000,89.3694000,89.7946000,572237
EURRUB,D,20210602,000000,89.7880000,90.0179000,89.1307000,89.2969000,586399
EURRUB,D,20210603,000000,89.2982000,89.3680000,88.6592000,88.7818000,568181
EURRUB,D,20210604,000000,88.6587000,89.0090000,88.4482000,88.4950000,502930
EURRUB,D,20210606,000000,88.6290000,89.0610000,88.5430000,88.7240000,71
EURRUB,D,20210607,000000,88.8720000,88.9085000,88.3660000,88.7350000,404023
EURRUB,D,20210608,000000,88.7280000,88.7872000,87.8474000,87.9138000,499165
EURRUB,D,20210609,000000,87.9469000,88.3550000,87.5500000,88.0227000,425071
EURRUB,D,20210610,000000,88.0191000,88.1460000,87.2278000,87.3118000,543381
EURRUB,D,20210611,000000,87.3098000,87.5380000,86.8360000,87.1380000,504508
EURRUB,D,20210613,000000,87.0940000,87.4110000,87.0665000,87.2241000,201
EURRUB,D,20210614,000000,87.2251000,87.6625000,87.0405000,87.2411000,330800
EURRUB,D,20210615,000000,87.2411000,87.7162000,86.9534000,87.4066000,455016
EURRUB,D,20210616,000000,87.5940000,87.6020000,86.7693000,86.9850000,549425
EURRUB,D,20210617,000000,86.8220000,87.1519000,85.8968000,86.0210000,683029
EURRUB,D,20210618,000000,86.3150000,86.5096000,85.6800000,86.2580000,830727
EURRUB,D,20210620,000000,86.3240000,86.4990000,86.0260000,86.4630000,118
EURRUB,D,20210621,000000,86.4470000,87.2615000,86.1670000,87.1200000,666234
EURRUB,D,20210622,000000,86.9573000,87.3010000,86.8020000,86.8964000,570822
EURRUB,D,20210623,000000,86.8932000,87.0890000,86.4280000,86.6840000,599436
EURRUB,D,20210624,000000,86.6490000,86.6860000,85.9950000,86.1674000,570291
EURRUB,D,20210625,000000,86.1674000,86.4230000,85.9860000,86.1990000,470235
EURRUB,D,20210627,000000,86.1520000,86.2850000,85.9750000,86.2720000,100
EURRUB,D,20210628,000000,86.2540000,86.2790000,85.8840000,85.9998000,383491
EURRUB,D,20210629,000000,86.0168000,86.7527000,85.7621000,86.5250000,521409
EURRUB,D,20210630,000000,86.5230000,87.0621000,86.3600000,86.6150000,629027
EURRUB,D,20210701,000000,86.6590000,87.1720000,86.1881000,86.9574000,694044
EURRUB,D,20210702,000000,86.9632000,87.2069000,86.5963000,86.7100000,645404
EURRUB,D,20210704,000000,86.7000000,86.9450000,86.6338000,86.7196000,269
EURRUB,D,20210705,000000,86.7158000,87.2913000,86.5702000,87.0450000,407197
EURRUB,D,20210706,000000,87.0155000,88.4080000,86.6660000,88.0090000,560617
EURRUB,D,20210707,000000,88.0500000,88.2927000,87.3800000,88.0500000,681649
EURRUB,D,20210708,000000,88.0910000,89.0403000,87.6692000,88.3830000,874754
EURRUB,D,20210709,000000,88.5140000,88.5590000,87.8724000,88.3010000,609159
EURRUB,D,20210711,000000,88.0960000,88.3350000,88.0430000,88.1880000,59
EURRUB,D,20210712,000000,88.1740000,88.7775000,88.0260000,88.1349000,6404
EURRUB,D,20210713,000000,88.2530000,88.3220000,87.3098000,87.4370000,6871
EURRUB,D,20210714,000000,87.4489000,88.0490000,87.2428000,87.6485000,7023
EURRUB,D,20210715,000000,87.6776000,87.9210000,87.4309000,87.7774000,7019
EURRUB,D,20210716,000000,87.7764000,87.9330000,87.3014000,87.3790000,6695
EURRUB,D,20210718,000000,87.6330000,87.8550000,87.3288000,87.4130000,159
EURRUB,D,20210719,000000,87.4420000,88.3526000,87.3760000,87.9261000,844359
EURRUB,D,20210720,000000,87.9261000,88.1460000,87.4228000,87.5043000,775621
EURRUB,D,20210721,000000,87.4828000,87.7100000,86.9890000,87.1550000,678158
EURRUB,D,20210722,000000,87.0691000,87.3309000,86.5570000,86.6527000,711314
EURRUB,D,20210723,000000,86.6527000,86.9673000,86.4605000,86.9010000,579240
EURRUB,D,20210725,000000,86.9060000,86.9060000,86.3810000,86.6430000,107
EURRUB,D,20210726,000000,86.7540000,87.4410000,86.6040000,86.8927000,6195
EURRUB,D,20210727,000000,87.0070000,87.3530000,86.8118000,87.0694000,6676
EURRUB,D,20210728,000000,87.0749000,87.1820000,86.6353000,87.0060000,716963
EURRUB,D,20210729,000000,87.0090000,87.1480000,86.6990000,86.9022000,575785
EURRUB,D,20210730,000000,86.9060000,87.2841000,86.3940000,86.7450000,664148
EURRUB,D,20210801,000000,86.8040000,87.6050000,86.5870000,86.7480000,82
EURRUB,D,20210802,000000,86.7560000,87.0350000,86.3312000,86.5815000,6450
EURRUB,D,20210803,000000,86.5731000,86.8730000,86.2250000,86.4950000,6679
EURRUB,D,20210804,000000,86.4902000,86.7592000,86.2119000,86.5822000,6381
EURRUB,D,20210805,000000,86.5785000,86.7390000,86.3635000,86.4846000,6860
EURRUB,D,20210806,000000,86.4827000,86.6340000,86.2129000,86.4520000,6506
EURRUB,D,20210808,000000,86.2310000,86.4680000,86.1200000,86.3035000,245
EURRUB,D,20210809,000000,86.3011000,86.5646000,86.1220000,86.3775000,125619
EURRUB,D,20210810,000000,86.3775000,86.7617000,86.1220000,86.5200000,506913
EURRUB,D,20210811,000000,86.5401000,86.8711000,85.9520000,86.0957000,553020
EURRUB,D,20210812,000000,86.2180000,86.4397000,85.9619000,86.2248000,454152
EURRUB,D,20210813,000000,86.2249000,86.4700000,86.0880000,86.3210000,466426
EURRUB,D,20210815,000000,86.4910000,86.4970000,86.2472000,86.2696000,4253
EURRUB,D,20210816,000000,86.2696000,86.5811000,86.1122000,86.3230000,497539
EURRUB,D,20210817,000000,86.2120000,86.6073000,85.9802000,86.1084000,593527
EURRUB,D,20210818,000000,86.0857000,86.5230000,85.8500000,86.3612000,494778
EURRUB,D,20210819,000000,86.3617000,87.1567000,86.1220000,86.6609000,737374
EURRUB,D,20210820,000000,86.6646000,87.0688000,86.4960000,86.8960000,590992
EURRUB,D,20210822,000000,86.8770000,86.9230000,86.5890000,86.6995000,183
EURRUB,D,20210823,000000,86.7020000,87.0900000,86.5640000,86.9435000,483352
EURRUB,D,20210824,000000,86.9037000,87.0954000,86.5473000,86.5651000,475607
EURRUB,D,20210825,000000,86.6020000,87.0788000,86.4280000,86.9270000,470354
EURRUB,D,20210826,000000,86.8520000,87.5280000,86.7000000,87.2113000,533433
EURRUB,D,20210827,000000,87.2458000,87.3470000,86.5044000,86.6160000,356366
EURRUB,D,20210829,000000,86.6380000,86.8300000,86.4120000,86.6300000,91
EURRUB,D,20210830,000000,86.6560000,86.9377000,86.4043000,86.4893000,396193
EURRUB,D,20210831,000000,86.4893000,86.8711000,86.2920000,86.4555000,530842
EURRUB,D,20210901,000000,86.5600000,86.7460000,86.1900000,86.3708000,506361
EURRUB,D,20210902,000000,86.4470000,86.8320000,86.0880000,86.3830000,425648
EURRUB,D,20210903,000000,86.7430000,86.7660000,86.1900000,86.5040000,312029
EURRUB,D,20210905,000000,86.5050000,86.6450000,86.2500000,86.4627000,2356
EURRUB,D,20210906,000000,86.4631000,86.7650000,86.2237000,86.6009000,340617
EURRUB,D,20210907,000000,86.6009000,87.1050000,86.4620000,86.8842000,542887
EURRUB,D,20210908,000000,86.8834000,86.9511000,86.2360000,86.4460000,623022
EURRUB,D,20210909,000000,86.3870000,86.6720000,85.9650000,86.1360000,642939
EURRUB,D,20210910,000000,86.1630000,86.5312000,85.9578000,86.3430000,530755
EURRUB,D,20210912,000000,86.4260000,86.4730000,86.0940000,86.3590000,114
EURRUB,D,20210913,000000,86.2800000,86.3600000,85.5971000,85.6920000,547862
EURRUB,D,20210914,000000,85.7740000,86.2735000,85.6460000,85.9625000,631286
EURRUB,D,20210915,000000,85.9331000,86.5690000,85.2000000,85.2744000,578679
EURRUB,D,20210916,000000,85.3504000,85.5195000,84.9730000,85.1693000,539515
EURRUB,D,20210917,000000,85.2820000,85.6534000,85.1110000,85.4530000,502103
EURRUB,D,20210919,000000,85.4720000,85.5250000,85.2790000,85.4370000,101
EURRUB,D,20210920,000000,85.5200000,86.4740000,85.1640000,85.8840000,643598
EURRUB,D,20210921,000000,86.5842000,86.5843000,85.4080000,85.5200000,623706
EURRUB,D,20210922,000000,85.5870000,85.7240000,85.1443000,85.3080000,519568
EURRUB,D,20210923,000000,85.3010000,85.5744000,84.9660000,85.2348000,619919
EURRUB,D,20210924,000000,85.2511000,85.7504000,85.0406000,85.5510000,485557
EURRUB,D,20210926,000000,85.1700000,85.4900000,85.0560000,85.0970000,164
EURRUB,D,20210927,000000,85.0783000,85.3360000,84.7027000,84.7787000,516756
EURRUB,D,20210928,000000,84.8100000,85.2988000,84.4900000,85.0126000,729318
EURRUB,D,20210929,000000,85.0126000,85.1590000,84.3594000,84.3921000,584453
EURRUB,D,20210930,000000,84.3918000,84.5680000,83.9680000,84.0512000,705376
EURRUB,D,20211001,000000,84.1920000,84.8574000,83.9765000,84.3240000,716106
EURRUB,D,20211003,000000,84.3440000,84.4270000,84.1552000,84.3094000,201
EURRUB,D,20211004,000000,84.4560000,84.7898000,83.9712000,84.1228000,722200
EURRUB,D,20211005,000000,84.0704000,84.2999000,83.6800000,83.7761000,682430
EURRUB,D,20211006,000000,83.7761000,84.0129000,83.4518000,83.6016000,815518
EURRUB,D,20211007,000000,83.5921000,83.7340000,82.6880000,82.9326000,616450
EURRUB,D,20211008,000000,82.9383000,83.3236000,82.7200000,83.1100000,632229
EURRUB,D,20211010,000000,83.1080000,83.1920000,82.9261000,82.9788000,3026
EURRUB,D,20211011,000000,82.9788000,83.2350000,82.6926000,82.9837000,459133
EURRUB,D,20211012,000000,82.9837000,83.2990000,82.5980000,82.7981000,642697
EURRUB,D,20211013,000000,82.7987000,83.6250000,82.7155000,83.4944000,604571
EURRUB,D,20211014,000000,83.4931000,83.6552000,82.6240000,82.7010000,531722
EURRUB,D,20211015,000000,82.7010000,82.9206000,82.1925000,82.4860000,549811
EURRUB,D,20211017,000000,82.3400000,82.5800000,82.1880000,82.2733000,478
EURRUB,D,20211018,000000,82.2738000,82.8340000,82.0820000,82.6848000,551418
EURRUB,D,20211019,000000,82.6231000,82.8884000,82.1550000,82.3612000,541203
EURRUB,D,20211020,000000,82.3778000,82.7664000,82.1900000,82.4588000,515779
EURRUB,D,20211021,000000,82.4595000,82.9822000,82.4000000,82.6032000,553791
EURRUB,D,20211022,000000,82.5803000,82.7330000,81.1499000,81.7140000,632302
EURRUB,D,20211024,000000,81.6930000,81.9960000,81.5110000,81.6880000,307
EURRUB,D,20211025,000000,81.8121000,82.1160000,80.8000000,80.8870000,594777
EURRUB,D,20211026,000000,80.9391000,81.0140000,80.3817000,80.4140000,585246
EURRUB,D,20211027,000000,80.4680000,82.0270000,80.3350000,81.8220000,407981
EURRUB,D,20211028,000000,81.8030000,82.2060000,81.3818000,81.8890000,461642
EURRUB,D,20211029,000000,81.8890000,82.4480000,81.6950000,81.9610000,416384
EURRUB,D,20211031,000000,80.8820000,82.1400000,80.8300000,81.8537000,235
EURRUB,D,20211101,000000,81.8720000,83.1050000,81.6660000,82.9980000,331932
EURRUB,D,20211102,000000,83.0030000,83.5060000,82.6880000,82.8270000,378968
EURRUB,D,20211103,000000,82.8260000,83.9710000,82.6059000,83.1960000,326980
EURRUB,D,20211104,000000,83.2236000,83.4230000,82.0480000,82.5450000,84874
EURRUB,D,20211105,000000,82.4499000,83.1399000,81.6960000,82.4630000,177880
EURRUB,D,20211107,000000,82.1540000,82.4920000,81.9100000,82.0450000,250
EURRUB,D,20211108,000000,82.3820000,82.7260000,82.1767000,82.4408000,338622
EURRUB,D,20211109,000000,82.4600000,82.7510000,81.7600000,81.9630000,259143
EURRUB,D,20211110,000000,81.9630000,82.1580000,81.5308000,81.7540000,414491
EURRUB,D,20211111,000000,81.7520000,82.6000000,81.2480000,81.8730000,321551
EURRUB,D,20211112,000000,81.8740000,83.7710000,81.7280000,83.3820000,386292
EURRUB,D,20211114,000000,83.6680000,83.6680000,82.8910000,83.1960000,140
EURRUB,D,20211115,000000,83.0711000,83.3560000,82.2380000,82.2920000,373758
EURRUB,D,20211116,000000,82.2920000,83.4120000,82.2587000,82.6864000,441203
EURRUB,D,20211117,000000,82.6862000,82.8820000,81.6960000,82.1090000,421455
EURRUB,D,20211118,000000,82.1090000,83.1960000,82.0172000,83.0061000,381966
EURRUB,D,20211119,000000,83.0270000,83.1590000,82.3355000,82.9960000,485973
EURRUB,D,20211121,000000,82.9510000,83.1590000,82.4980000,82.6890000,225
EURRUB,D,20211122,000000,82.7340000,84.5290000,82.4643000,84.2243000,530554
EURRUB,D,20211123,000000,84.2360000,84.6700000,83.3081000,83.4540000,552586
EURRUB,D,20211124,000000,83.4540000,84.0130000,83.1960000,83.8395000,500843
EURRUB,D,20211125,000000,83.9140000,84.0330000,83.3060000,83.3060000,244889
EURRUB,D,20211126,000000,83.5930000,85.7190000,83.5780000,85.5930000,619272
EURRUB,D,20211128,000000,85.8180000,85.8180000,84.7670000,84.9030000,2977
EURRUB,D,20211129,000000,84.9030000,85.0800000,83.6060000,84.0360000,527652
EURRUB,D,20211130,000000,84.0360000,85.2220000,83.3920000,83.9840000,661623
EURRUB,D,20211201,000000,83.9300000,84.2140000,83.4150000,83.7530000,511884
EURRUB,D,20211202,000000,83.7100000,84.1760000,82.8780000,83.1790000,545421
EURRUB,D,20211203,000000,83.1780000,83.7200000,82.8969000,83.6860000,512778
EURRUB,D,20211205,000000,83.3480000,83.6534000,83.1310000,83.3130000,161
EURRUB,D,20211206,000000,83.4620000,84.0040000,82.8800000,83.8342000,429901
EURRUB,D,20211207,000000,83.8690000,84.2590000,82.9440000,83.4230000,413208
EURRUB,D,20211208,000000,83.4400000,83.6380000,82.8969000,83.2710000,387445
EURRUB,D,20211209,000000,83.6320000,83.6320000,82.8310000,83.1060000,282166
EURRUB,D,20211210,000000,83.1050000,83.3620000,82.5446000,83.0470000,313633
EURRUB,D,20211212,000000,83.0570000,83.1130000,82.9181000,83.0310000,105
EURRUB,D,20211213,000000,83.0190000,83.2420000,82.5873000,82.8316000,291501
EURRUB,D,20211214,000000,82.8410000,83.3120000,82.6240000,82.9781000,311593
EURRUB,D,20211215,000000,83.0150000,83.7360000,82.9320000,83.0436000,386950
EURRUB,D,20211216,000000,83.1002000,83.7400000,82.8691000,83.7400000,375190
EURRUB,D,20211217,000000,83.5630000,83.8730000,83.1818000,83.2090000,341861
EURRUB,D,20211219,000000,83.3570000,83.4590000,83.0390000,83.3970000,106
EURRUB,D,20211220,000000,83.4020000,84.0000000,83.1060000,83.4340000,364596
EURRUB,D,20211221,000000,83.4340000,83.8120000,83.1526000,83.8110000,311815
EURRUB,D,20211222,000000,83.8200000,84.7600000,82.9066000,83.3154000,276700
EURRUB,D,20211223,000000,83.3146000,83.5450000,82.7848000,82.9640000,270890
EURRUB,D,20211224,000000,82.9237000,83.4600000,82.8244000,83.3420000,267180
EURRUB,D,20211226,000000,83.2998000,83.3540000,82.7200000,83.0350000,117
EURRUB,D,20211227,000000,83.0330000,83.4340000,82.6560000,83.1410000,209618
EURRUB,D,20211228,000000,83.1620000,83.5230000,82.9000000,83.3300000,200491
EURRUB,D,20211229,000000,83.3190000,84.2780000,83.0009000,84.0790000,258399
EURRUB,D,20211230,000000,84.0380000,85.1630000,83.7968000,84.4430000,298926
EURRUB,D,20211231,000000,84.1460000,85.6330000,84.0790000,85.3770000,117912
EURRUB,D,20220102,000000,85.1490000,85.5420000,84.9680000,85.0930000,96
EURRUB,D,20220103,000000,84.9760000,85.2989000,83.7550000,83.7870000,124545
EURRUB,D,20220104,000000,84.1480000,85.3020000,84.0194000,84.8443000,315125
EURRUB,D,20220105,000000,84.8425000,86.9310000,84.6840000,86.5580000,385038
EURRUB,D,20220106,000000,86.6240000,87.4760000,85.9604000,86.1980000,474328
EURRUB,D,20220107,000000,86.0570000,86.4710000,85.0340000,85.7130000,304601
EURRUB,D,20220109,000000,85.9770000,86.0570000,85.5421000,85.5564000,139
EURRUB,D,20220110,000000,85.5505000,86.0530000,84.6370000,84.6951000,370852
EURRUB,D,20220111,000000,84.7174000,85.2180000,84.3580000,84.5419000,316124
EURRUB,D,20220112,000000,84.5700000,85.6070000,84.4290000,85.2180000,352288
EURRUB,D,20220113,000000,85.2180000,87.8060000,85.1480000,87.3160000,416362
EURRUB,D,20220114,000000,87.3545000,88.1570000,86.6539000,87.0170000,517569
EURRUB,D,20220116,000000,87.0180000,87.4320000,86.9141000,86.9792000,187
EURRUB,D,20220117,000000,86.9807000,87.7740000,86.0540000,86.9260000,382091
EURRUB,D,20220118,000000,86.9040000,87.4030000,86.4639000,87.1880000,603667
EURRUB,D,20220119,000000,87.1890000,87.3970000,85.9443000,86.5390000,519562
EURRUB,D,20220120,000000,86.5410000,87.1760000,86.0970000,86.6190000,405975
EURRUB,D,20220121,000000,86.6400000,88.4310000,86.4685000,88.0310000,444026
EURRUB,D,20220123,000000,87.7700000,88.0100000,87.5987000,87.7430000,319
EURRUB,D,20220124,000000,87.7430000,89.9390000,87.0644000,89.0630000,596829
EURRUB,D,20220125,000000,88.9247000,89.4730000,88.4225000,89.0010000,565717
EURRUB,D,20220126,000000,89.0040000,90.7110000,88.7250000,89.2330000,638004
EURRUB,D,20220127,000000,89.2430000,89.4450000,86.1650000,86.9126000,518006
EURRUB,D,20220128,000000,86.9157000,87.3650000,86.1196000,87.2770000,564031
EURRUB,D,20220130,000000,86.7890000,87.0898000,86.6350000,87.0501000,225
EURRUB,D,20220131,000000,87.0594000,87.0750000,86.1978000,86.6530000,411978
EURRUB,D,20220201,000000,86.7371000,87.1750000,85.8909000,86.4330000,447502
